INSERT INTO users (id, email, password, username, created_at) VALUES (1, 'john46@example.org', 'pbkdf2:sha256:600000$wpaUPxHq$73bf36fcef11f8fc6b2129ec750437f39c8441b1ab4660ca2eb8a1b6c345c57e', 'brian47', '2025-01-02 03:57:32');
INSERT INTO users (id, email, password, username, created_at) VALUES (2, 'sarah69@example.org', 'pbkdf2:sha256:600000$wpaUPxHq$73bf36fcef11f8fc6b2129ec750437f39c8441b1ab4660ca2eb8a1b6c345c57e', 'nicholasperez', '2025-01-05 13:01:22');
INSERT INTO users (id, email, password, username, created_at) VALUES (3, 'omccarthy@example.com', 'pbkdf2:sha256:600000$wpaUPxHq$73bf36fcef11f8fc6b2129ec750437f39c8441b1ab4660ca2eb8a1b6c345c57e', 'kgordon', '2025-01-06 15:28:06');
INSERT INTO users (id, email, password, username, created_at) VALUES (4, 'christina18@example.org', 'pbkdf2:sha256:600000$wpaUPxHq$73bf36fcef11f8fc6b2129ec750437f39c8441b1ab4660ca2eb8a1b6c345c57e', 'glennle', '2025-01-03 13:52:48');
INSERT INTO users (id, email, password, username, created_at) VALUES (5, 'sthompson@example.org', 'pbkdf2:sha256:600000$wpaUPxHq$73bf36fcef11f8fc6b2129ec750437f39c8441b1ab4660ca2eb8a1b6c345c57e', 'showard', '2025-01-02 04:24:41');
INSERT INTO users (id, email, password, username, created_at) VALUES (6, 'nathaniel55@example.net', 'pbkdf2:sha256:600000$wpaUPxHq$73bf36fcef11f8fc6b2129ec750437f39c8441b1ab4660ca2eb8a1b6c345c57e', 'richardmckee', '2025-01-08 09:23:32');
INSERT INTO users (id, email, password, username, created_at) VALUES (7, 'austinchristian@example.net', 'pbkdf2:sha256:600000$wpaUPxHq$73bf36fcef11f8fc6b2129ec750437f39c8441b1ab4660ca2eb8a1b6c345c57e', 'ureyes', '2025-01-07 05:29:26');
INSERT INTO users (id, email, password, username, created_at) VALUES (8, 'wilsonnatalie@example.org', 'pbkdf2:sha256:600000$wpaUPxHq$73bf36fcef11f8fc6b2129ec750437f39c8441b1ab4660ca2eb8a1b6c345c57e', 'keith12', '2025-01-08 00:52:15');
INSERT INTO users (id, email, password, username, created_at) VALUES (9, 'patrickwilliams@example.com', 'pbkdf2:sha256:600000$wpaUPxHq$73bf36fcef11f8fc6b2129ec750437f39c8441b1ab4660ca2eb8a1b6c345c57e', 'yortiz', '2025-01-01 14:01:09');
INSERT INTO users (id, email, password, username, created_at) VALUES (10, 'johnsonashley@example.net', 'pbkdf2:sha256:600000$wpaUPxHq$73bf36fcef11f8fc6b2129ec750437f39c8441b1ab4660ca2eb8a1b6c345c57e', 'vmontoya', '2025-01-05 13:04:45');
INSERT INTO users (id, email, password, username, created_at) VALUES (11, 'jreynolds@example.com', 'pbkdf2:sha256:600000$wpaUPxHq$73bf36fcef11f8fc6b2129ec750437f39c8441b1ab4660ca2eb8a1b6c345c57e', 'kevinsingleton', '2025-01-01 11:07:13');
INSERT INTO users (id, email, password, username, created_at) VALUES (12, 'helen17@example.org', 'pbkdf2:sha256:600000$wpaUPxHq$73bf36fcef11f8fc6b2129ec750437f39c8441b1ab4660ca2eb8a1b6c345c57e', 'uwilliams', '2025-01-01 21:38:46');
INSERT INTO users (id, email, password, username, created_at) VALUES (13, 'smithmichael@example.com', 'pbkdf2:sha256:600000$wpaUPxHq$73bf36fcef11f8fc6b2129ec750437f39c8441b1ab4660ca2eb8a1b6c345c57e', 'harrismichael', '2025-01-03 15:04:05');
INSERT INTO users (id, email, password, username, created_at) VALUES (14, 'tracy70@example.com', 'pbkdf2:sha256:600000$wpaUPxHq$73bf36fcef11f8fc6b2129ec750437f39c8441b1ab4660ca2eb8a1b6c345c57e', 'troy49', '2025-01-08 20:29:25');
INSERT INTO users (id, email, password, username, created_at) VALUES (15, 'igarcia@example.org', 'pbkdf2:sha256:600000$wpaUPxHq$73bf36fcef11f8fc6b2129ec750437f39c8441b1ab4660ca2eb8a1b6c345c57e', 'juan39', '2025-01-01 14:35:28');
INSERT INTO friends (user_id, friend_id, created_at) VALUES (1, 7, NOW());
INSERT INTO friends (user_id, friend_id, created_at) VALUES (1, 2, NOW());
INSERT INTO friends (user_id, friend_id, created_at) VALUES (1, 3, NOW());
INSERT INTO friends (user_id, friend_id, created_at) VALUES (1, 10, NOW());
INSERT INTO friends (user_id, friend_id, created_at) VALUES (2, 7, NOW());
INSERT INTO friends (user_id, friend_id, created_at) VALUES (2, 5, NOW());
INSERT INTO friends (user_id, friend_id, created_at) VALUES (2, 10, NOW());
INSERT INTO friends (user_id, friend_id, created_at) VALUES (2, 12, NOW());
INSERT INTO friends (user_id, friend_id, created_at) VALUES (2, 4, NOW());
INSERT INTO friends (user_id, friend_id, created_at) VALUES (3, 12, NOW());
INSERT INTO friends (user_id, friend_id, created_at) VALUES (3, 14, NOW());
INSERT INTO friends (user_id, friend_id, created_at) VALUES (3, 15, NOW());
INSERT INTO friends (user_id, friend_id, created_at) VALUES (3, 7, NOW());
INSERT INTO friends (user_id, friend_id, created_at) VALUES (3, 1, NOW());
INSERT INTO friends (user_id, friend_id, created_at) VALUES (4, 5, NOW());
INSERT INTO friends (user_id, friend_id, created_at) VALUES (4, 14, NOW());
INSERT INTO friends (user_id, friend_id, created_at) VALUES (4, 15, NOW());
INSERT INTO friends (user_id, friend_id, created_at) VALUES (4, 10, NOW());
INSERT INTO friends (user_id, friend_id, created_at) VALUES (4, 7, NOW());
INSERT INTO friends (user_id, friend_id, created_at) VALUES (5, 14, NOW());
INSERT INTO friends (user_id, friend_id, created_at) VALUES (5, 10, NOW());
INSERT INTO friends (user_id, friend_id, created_at) VALUES (5, 9, NOW());
INSERT INTO friends (user_id, friend_id, created_at) VALUES (5, 2, NOW());
INSERT INTO friends (user_id, friend_id, created_at) VALUES (6, 3, NOW());
INSERT INTO friends (user_id, friend_id, created_at) VALUES (6, 13, NOW());
INSERT INTO friends (user_id, friend_id, created_at) VALUES (6, 14, NOW());
INSERT INTO friends (user_id, friend_id, created_at) VALUES (6, 8, NOW());
INSERT INTO friends (user_id, friend_id, created_at) VALUES (7, 4, NOW());
INSERT INTO friends (user_id, friend_id, created_at) VALUES (7, 1, NOW());
INSERT INTO friends (user_id, friend_id, created_at) VALUES (7, 11, NOW());
INSERT INTO friends (user_id, friend_id, created_at) VALUES (7, 6, NOW());
INSERT INTO friends (user_id, friend_id, created_at) VALUES (7, 5, NOW());
INSERT INTO friends (user_id, friend_id, created_at) VALUES (8, 6, NOW());
INSERT INTO friends (user_id, friend_id, created_at) VALUES (8, 7, NOW());
INSERT INTO friends (user_id, friend_id, created_at) VALUES (8, 9, NOW());
INSERT INTO friends (user_id, friend_id, created_at) VALUES (8, 1, NOW());
INSERT INTO friends (user_id, friend_id, created_at) VALUES (8, 12, NOW());
INSERT INTO friends (user_id, friend_id, created_at) VALUES (9, 11, NOW());
INSERT INTO friends (user_id, friend_id, created_at) VALUES (9, 15, NOW());
INSERT INTO friends (user_id, friend_id, created_at) VALUES (9, 3, NOW());
INSERT INTO friends (user_id, friend_id, created_at) VALUES (9, 4, NOW());
INSERT INTO friends (user_id, friend_id, created_at) VALUES (9, 2, NOW());
INSERT INTO friends (user_id, friend_id, created_at) VALUES (10, 15, NOW());
INSERT INTO friends (user_id, friend_id, created_at) VALUES (10, 5, NOW());
INSERT INTO friends (user_id, friend_id, created_at) VALUES (10, 12, NOW());
INSERT INTO friends (user_id, friend_id, created_at) VALUES (10, 6, NOW());
INSERT INTO friends (user_id, friend_id, created_at) VALUES (11, 13, NOW());
INSERT INTO friends (user_id, friend_id, created_at) VALUES (11, 15, NOW());
INSERT INTO friends (user_id, friend_id, created_at) VALUES (11, 14, NOW());
INSERT INTO friends (user_id, friend_id, created_at) VALUES (11, 7, NOW());
INSERT INTO friends (user_id, friend_id, created_at) VALUES (11, 8, NOW());
INSERT INTO friends (user_id, friend_id, created_at) VALUES (12, 8, NOW());
INSERT INTO friends (user_id, friend_id, created_at) VALUES (12, 1, NOW());
INSERT INTO friends (user_id, friend_id, created_at) VALUES (12, 5, NOW());
INSERT INTO friends (user_id, friend_id, created_at) VALUES (12, 3, NOW());
INSERT INTO friends (user_id, friend_id, created_at) VALUES (13, 15, NOW());
INSERT INTO friends (user_id, friend_id, created_at) VALUES (13, 12, NOW());
INSERT INTO friends (user_id, friend_id, created_at) VALUES (13, 10, NOW());
INSERT INTO friends (user_id, friend_id, created_at) VALUES (13, 6, NOW());
INSERT INTO friends (user_id, friend_id, created_at) VALUES (13, 7, NOW());
INSERT INTO friends (user_id, friend_id, created_at) VALUES (14, 1, NOW());
INSERT INTO friends (user_id, friend_id, created_at) VALUES (14, 15, NOW());
INSERT INTO friends (user_id, friend_id, created_at) VALUES (14, 3, NOW());
INSERT INTO friends (user_id, friend_id, created_at) VALUES (14, 7, NOW());
INSERT INTO friends (user_id, friend_id, created_at) VALUES (14, 9, NOW());
INSERT INTO friends (user_id, friend_id, created_at) VALUES (15, 8, NOW());
INSERT INTO friends (user_id, friend_id, created_at) VALUES (15, 7, NOW());
INSERT INTO friends (user_id, friend_id, created_at) VALUES (15, 5, NOW());
INSERT INTO friends (user_id, friend_id, created_at) VALUES (15, 1, NOW());
INSERT INTO groups (id, name, created_by, created_at) VALUES (1, 'speech', 6, '2025-01-03 15:14:33');
INSERT INTO groups (id, name, created_by, created_at) VALUES (2, 'stage', 15, '2025-01-02 23:07:06');
INSERT INTO groups (id, name, created_by, created_at) VALUES (3, 'wish', 10, '2025-01-03 19:24:32');
INSERT INTO groups (id, name, created_by, created_at) VALUES (4, 'race', 1, '2025-01-03 06:20:27');
INSERT INTO groups (id, name, created_by, created_at) VALUES (5, 'view', 15, '2025-01-05 04:38:41');
INSERT INTO usergroups (user_id, group_id, joined_at) VALUES (11, 1, '2025-01-04 21:25:20');
INSERT INTO usergroups (user_id, group_id, joined_at) VALUES (2, 1, '2025-01-04 05:35:19');
INSERT INTO usergroups (user_id, group_id, joined_at) VALUES (1, 1, '2025-01-08 04:43:54');
INSERT INTO usergroups (user_id, group_id, joined_at) VALUES (4, 1, '2025-01-06 16:09:52');
INSERT INTO usergroups (user_id, group_id, joined_at) VALUES (7, 2, '2025-01-01 07:13:53');
INSERT INTO usergroups (user_id, group_id, joined_at) VALUES (1, 2, '2025-01-01 16:38:25');
INSERT INTO usergroups (user_id, group_id, joined_at) VALUES (6, 2, '2025-01-05 16:33:46');
INSERT INTO usergroups (user_id, group_id, joined_at) VALUES (3, 2, '2025-01-03 04:01:59');
INSERT INTO usergroups (user_id, group_id, joined_at) VALUES (4, 2, '2025-01-05 12:44:48');
INSERT INTO usergroups (user_id, group_id, joined_at) VALUES (11, 2, '2025-01-01 21:47:48');
INSERT INTO usergroups (user_id, group_id, joined_at) VALUES (11, 3, '2025-01-06 11:40:33');
INSERT INTO usergroups (user_id, group_id, joined_at) VALUES (9, 3, '2025-01-05 09:43:06');
INSERT INTO usergroups (user_id, group_id, joined_at) VALUES (13, 3, '2025-01-01 06:16:04');
INSERT INTO usergroups (user_id, group_id, joined_at) VALUES (4, 3, '2025-01-04 08:37:22');
INSERT INTO usergroups (user_id, group_id, joined_at) VALUES (2, 3, '2025-01-07 22:54:07');
INSERT INTO usergroups (user_id, group_id, joined_at) VALUES (1, 3, '2025-01-08 21:09:55');
INSERT INTO usergroups (user_id, group_id, joined_at) VALUES (3, 4, '2025-01-06 03:32:30');
INSERT INTO usergroups (user_id, group_id, joined_at) VALUES (4, 4, '2025-01-04 18:21:11');
INSERT INTO usergroups (user_id, group_id, joined_at) VALUES (5, 4, '2025-01-02 17:00:42');
INSERT INTO usergroups (user_id, group_id, joined_at) VALUES (8, 4, '2025-01-04 23:50:07');
INSERT INTO usergroups (user_id, group_id, joined_at) VALUES (12, 4, '2025-01-01 12:33:38');
INSERT INTO usergroups (user_id, group_id, joined_at) VALUES (13, 5, '2025-01-02 08:06:31');
INSERT INTO usergroups (user_id, group_id, joined_at) VALUES (5, 5, '2025-01-07 11:47:27');
INSERT INTO usergroups (user_id, group_id, joined_at) VALUES (12, 5, '2025-01-04 12:00:26');
INSERT INTO expenses (id, group_id, description, amount, currency, created_by, created_at, category, custom_split) VALUES (61, 1, 'Share by couple choice wife hot.', 132.85, 'PLN', 1, '2025-01-06 09:45:11', 'Transport', False);
INSERT INTO expenses (id, group_id, description, amount, currency, created_by, created_at, category, custom_split) VALUES (62, 1, 'Line art development.', 193.35, 'EUR', 11, '2025-01-05 14:00:52', 'Food', False);
INSERT INTO expenses (id, group_id, description, amount, currency, created_by, created_at, category, custom_split) VALUES (63, 1, 'Bad leader artist word threat under central.', 192.76, 'PLN', 11, '2025-01-05 16:56:48', 'Shopping', False);
INSERT INTO expenses (id, group_id, description, amount, currency, created_by, created_at, category, custom_split) VALUES (64, 2, 'Everybody power out difference bar surface.', 159.09, 'PLN', 3, '2025-01-05 09:56:19', 'Other', False);
INSERT INTO expenses (id, group_id, description, amount, currency, created_by, created_at, category, custom_split) VALUES (65, 2, 'Per contain put material fast.', 32.50, 'PLN', 7, '2025-01-02 03:51:02', 'Other', False);
INSERT INTO expenses (id, group_id, description, amount, currency, created_by, created_at, category, custom_split) VALUES (66, 2, 'Feel commercial hot hope rich.', 48.01, 'PLN', 7, '2025-01-06 03:32:39', 'Other', False);
INSERT INTO expenses (id, group_id, description, amount, currency, created_by, created_at, category, custom_split) VALUES (67, 2, 'Between direction wrong later join everything.', 278.71, 'USD', 4, '2025-01-01 15:58:05', 'Transport', False);
INSERT INTO expenses (id, group_id, description, amount, currency, created_by, created_at, category, custom_split) VALUES (68, 2, 'Teacher lead information again thus than partner.', 43.00, 'PLN', 7, '2025-01-05 01:31:31', 'Transport', False);
INSERT INTO expenses (id, group_id, description, amount, currency, created_by, created_at, category, custom_split) VALUES (69, 2, 'Describe include peace arm surface.', 393.43, 'PLN', 11, '2025-01-06 10:35:04', 'Transport', False);
INSERT INTO expenses (id, group_id, description, amount, currency, created_by, created_at, category, custom_split) VALUES (70, 2, 'Likely thank government yes coach strong.', 335.65, 'PLN', 6, '2025-01-06 18:45:14', 'Fun', False);
INSERT INTO expenses (id, group_id, description, amount, currency, created_by, created_at, category, custom_split) VALUES (71, 2, 'Billion reach message old.', 26.62, 'PLN', 4, '2025-01-05 15:09:53', 'Food', False);
INSERT INTO expenses (id, group_id, description, amount, currency, created_by, created_at, category, custom_split) VALUES (72, 3, 'Loss risk seem sure establish.', 31.53, 'PLN', 1, '2025-01-03 00:43:23', 'Fun', False);
INSERT INTO expenses (id, group_id, description, amount, currency, created_by, created_at, category, custom_split) VALUES (73, 3, 'Room little while budget hot prevent.', 321.36, 'PLN', 4, '2025-01-08 07:00:58', 'Fun', False);
INSERT INTO expenses (id, group_id, description, amount, currency, created_by, created_at, category, custom_split) VALUES (74, 3, 'Mr under film hospital best.', 216.62, 'PLN', 11, '2025-01-09 02:08:07', 'Transport', False);
INSERT INTO expenses (id, group_id, description, amount, currency, created_by, created_at, category, custom_split) VALUES (75, 3, 'Movement majority memory billion six reduce.', 301.11, 'PLN', 13, '2025-01-04 15:59:39', 'Transport', False);
INSERT INTO expenses (id, group_id, description, amount, currency, created_by, created_at, category, custom_split) VALUES (76, 3, 'Include might know.', 221.52, 'PLN', 2, '2025-01-05 11:31:37', 'Fun', False);
INSERT INTO expenses (id, group_id, description, amount, currency, created_by, created_at, category, custom_split) VALUES (77, 3, 'Site benefit go laugh identify.', 83.18, 'USD', 13, '2025-01-07 02:19:20', 'Other', False);
INSERT INTO expenses (id, group_id, description, amount, currency, created_by, created_at, category, custom_split) VALUES (78, 3, 'Difference avoid from conference year.', 238.04, 'PLN', 2, '2025-01-01 00:23:40', 'Food', False);
INSERT INTO expenses (id, group_id, description, amount, currency, created_by, created_at, category, custom_split) VALUES (79, 3, 'Without keep strong ball better need.', 375.93, 'PLN', 4, '2025-01-08 00:13:19', 'Transport', False);
INSERT INTO expenses (id, group_id, description, amount, currency, created_by, created_at, category, custom_split) VALUES (80, 3, 'Foreign book apply clear.', 281.94, 'PLN', 13, '2025-01-04 11:08:30', 'Other', False);
INSERT INTO expenses (id, group_id, description, amount, currency, created_by, created_at, category, custom_split) VALUES (81, 4, 'In pressure husband year begin.', 306.36, 'PLN', 8, '2025-01-05 15:19:37', 'Fun', False);
INSERT INTO expenses (id, group_id, description, amount, currency, created_by, created_at, category, custom_split) VALUES (82, 4, 'Level activity right avoid start song.', 284.92, 'USD', 8, '2025-01-01 00:50:14', 'Food', False);
INSERT INTO expenses (id, group_id, description, amount, currency, created_by, created_at, category, custom_split) VALUES (83, 4, 'Get theory under behavior young defense.', 308.29, 'PLN', 3, '2025-01-07 00:03:59', 'Food', False);
INSERT INTO expenses (id, group_id, description, amount, currency, created_by, created_at, category, custom_split) VALUES (84, 4, 'Development machine serve develop again.', 384.64, 'EUR', 5, '2025-01-04 00:16:33', 'Transport', False);
INSERT INTO expenses (id, group_id, description, amount, currency, created_by, created_at, category, custom_split) VALUES (85, 4, 'Piece turn light.', 91.79, 'EUR', 3, '2025-01-05 00:23:43', 'Other', False);
INSERT INTO expenses (id, group_id, description, amount, currency, created_by, created_at, category, custom_split) VALUES (86, 4, 'Make indeed five science magazine.', 362.99, 'PLN', 8, '2025-01-04 19:50:45', 'Other', False);
INSERT INTO expenses (id, group_id, description, amount, currency, created_by, created_at, category, custom_split) VALUES (87, 4, 'End the indeed fund part morning.', 324.90, 'PLN', 3, '2025-01-06 07:22:58', 'Shopping', False);
INSERT INTO expenses (id, group_id, description, amount, currency, created_by, created_at, category, custom_split) VALUES (88, 4, 'Actually share national car career pattern.', 117.96, 'PLN', 8, '2025-01-03 02:32:52', 'Shopping', False);
INSERT INTO expenses (id, group_id, description, amount, currency, created_by, created_at, category, custom_split) VALUES (89, 5, 'Hospital billion happy all water former.', 281.66, 'PLN', 12, '2025-01-04 01:03:53', 'Fun', False);
INSERT INTO expenses (id, group_id, description, amount, currency, created_by, created_at, category, custom_split) VALUES (90, 5, 'Present good us.', 294.22, 'PLN', 13, '2025-01-05 23:45:57', 'Other', False);
INSERT INTO expenses (id, group_id, description, amount, currency, created_by, created_at, category, custom_split) VALUES (91, 5, 'North smile buy.', 160.25, 'PLN', 13, '2025-01-06 19:33:26', 'Transport', False);
INSERT INTO expenses (id, group_id, description, amount, currency, created_by, created_at, category, custom_split) VALUES (92, 5, 'Difference policy blue.', 269.45, 'PLN', 13, '2025-01-06 15:20:54', 'Fun', False);
INSERT INTO expenseshares (expense_id, user_id, share, paid, paid_by) VALUES (61, 1, 33.51, True, 1);
INSERT INTO expenseshares (expense_id, user_id, share, paid, paid_by) VALUES (61, 2, 99.34, False, None);
INSERT INTO expenseshares (expense_id, user_id, share, paid, paid_by) VALUES (62, 1, 25.84, False, None);
INSERT INTO expenseshares (expense_id, user_id, share, paid, paid_by) VALUES (62, 11, 59.41, True, 11);
INSERT INTO expenseshares (expense_id, user_id, share, paid, paid_by) VALUES (62, 4, 108.10, False, None);
INSERT INTO expenseshares (expense_id, user_id, share, paid, paid_by) VALUES (63, 2, 44.02, False, None);
INSERT INTO expenseshares (expense_id, user_id, share, paid, paid_by) VALUES (63, 11, 40.00, False, None);
INSERT INTO expenseshares (expense_id, user_id, share, paid, paid_by) VALUES (63, 1, 15.23, True, 1);
INSERT INTO expenseshares (expense_id, user_id, share, paid, paid_by) VALUES (63, 4, 93.51, False, None);
INSERT INTO expenseshares (expense_id, user_id, share, paid, paid_by) VALUES (64, 4, 29.47, False, None);
INSERT INTO expenseshares (expense_id, user_id, share, paid, paid_by) VALUES (64, 7, 24.23, True, 7);
INSERT INTO expenseshares (expense_id, user_id, share, paid, paid_by) VALUES (64, 6, 38.96, False, None);
INSERT INTO expenseshares (expense_id, user_id, share, paid, paid_by) VALUES (64, 1, 66.43, False, None);
INSERT INTO expenseshares (expense_id, user_id, share, paid, paid_by) VALUES (65, 3, 8.85, True, 3);
INSERT INTO expenseshares (expense_id, user_id, share, paid, paid_by) VALUES (65, 6, 23.65, False, None);
INSERT INTO expenseshares (expense_id, user_id, share, paid, paid_by) VALUES (66, 1, 10.29, False, None);
INSERT INTO expenseshares (expense_id, user_id, share, paid, paid_by) VALUES (66, 7, 3.33, True, 7);
INSERT INTO expenseshares (expense_id, user_id, share, paid, paid_by) VALUES (66, 11, 3.82, False, None);
INSERT INTO expenseshares (expense_id, user_id, share, paid, paid_by) VALUES (66, 6, 30.57, False, None);
INSERT INTO expenseshares (expense_id, user_id, share, paid, paid_by) VALUES (67, 4, 85.80, False, None);
INSERT INTO expenseshares (expense_id, user_id, share, paid, paid_by) VALUES (67, 11, 27.94, True, 11);
INSERT INTO expenseshares (expense_id, user_id, share, paid, paid_by) VALUES (67, 1, 164.97, False, None);
INSERT INTO expenseshares (expense_id, user_id, share, paid, paid_by) VALUES (68, 3, 4.88, False, None);
INSERT INTO expenseshares (expense_id, user_id, share, paid, paid_by) VALUES (68, 7, 5.73, False, None);
INSERT INTO expenseshares (expense_id, user_id, share, paid, paid_by) VALUES (68, 6, 32.39, True, 6);
INSERT INTO expenseshares (expense_id, user_id, share, paid, paid_by) VALUES (69, 7, 63.90, True, 7);
INSERT INTO expenseshares (expense_id, user_id, share, paid, paid_by) VALUES (69, 1, 329.53, False, None);
INSERT INTO expenseshares (expense_id, user_id, share, paid, paid_by) VALUES (70, 3, 4.97, False, None);
INSERT INTO expenseshares (expense_id, user_id, share, paid, paid_by) VALUES (70, 11, 330.68, True, 11);
INSERT INTO expenseshares (expense_id, user_id, share, paid, paid_by) VALUES (71, 3, 4.98, True, 3);
INSERT INTO expenseshares (expense_id, user_id, share, paid, paid_by) VALUES (71, 1, 4.00, False, None);
INSERT INTO expenseshares (expense_id, user_id, share, paid, paid_by) VALUES (71, 7, 2.80, False, None);
INSERT INTO expenseshares (expense_id, user_id, share, paid, paid_by) VALUES (71, 4, 14.84, False, None);
INSERT INTO expenseshares (expense_id, user_id, share, paid, paid_by) VALUES (72, 13, 9.47, True, 13);
INSERT INTO expenseshares (expense_id, user_id, share, paid, paid_by) VALUES (72, 11, 22.06, False, None);
INSERT INTO expenseshares (expense_id, user_id, share, paid, paid_by) VALUES (73, 1, 60.08, False, None);
INSERT INTO expenseshares (expense_id, user_id, share, paid, paid_by) VALUES (73, 13, 66.47, True, 13);
INSERT INTO expenseshares (expense_id, user_id, share, paid, paid_by) VALUES (73, 11, 194.81, False, None);
INSERT INTO expenseshares (expense_id, user_id, share, paid, paid_by) VALUES (74, 11, 28.57, False, None);
INSERT INTO expenseshares (expense_id, user_id, share, paid, paid_by) VALUES (74, 2, 23.35, True, 2);
INSERT INTO expenseshares (expense_id, user_id, share, paid, paid_by) VALUES (74, 9, 164.70, False, None);
INSERT INTO expenseshares (expense_id, user_id, share, paid, paid_by) VALUES (75, 9, 97.20, False, None);
INSERT INTO expenseshares (expense_id, user_id, share, paid, paid_by) VALUES (75, 11, 203.91, True, 11);
INSERT INTO expenseshares (expense_id, user_id, share, paid, paid_by) VALUES (76, 9, 64.99, True, 9);
INSERT INTO expenseshares (expense_id, user_id, share, paid, paid_by) VALUES (76, 13, 156.53, False, None);
INSERT INTO expenseshares (expense_id, user_id, share, paid, paid_by) VALUES (77, 4, 9.33, False, None);
INSERT INTO expenseshares (expense_id, user_id, share, paid, paid_by) VALUES (77, 13, 73.85, True, 13);
INSERT INTO expenseshares (expense_id, user_id, share, paid, paid_by) VALUES (78, 1, 64.22, True, 1);
INSERT INTO expenseshares (expense_id, user_id, share, paid, paid_by) VALUES (78, 9, 173.82, False, None);
INSERT INTO expenseshares (expense_id, user_id, share, paid, paid_by) VALUES (79, 9, 121.97, False, None);
INSERT INTO expenseshares (expense_id, user_id, share, paid, paid_by) VALUES (79, 11, 86.62, True, 11);
INSERT INTO expenseshares (expense_id, user_id, share, paid, paid_by) VALUES (79, 4, 167.34, False, None);
INSERT INTO expenseshares (expense_id, user_id, share, paid, paid_by) VALUES (80, 2, 105.57, True, 2);
INSERT INTO expenseshares (expense_id, user_id, share, paid, paid_by) VALUES (80, 9, 176.37, False, None);
INSERT INTO expenseshares (expense_id, user_id, share, paid, paid_by) VALUES (81, 8, 49.16, True, 8);
INSERT INTO expenseshares (expense_id, user_id, share, paid, paid_by) VALUES (81, 4, 2.84, False, None);
INSERT INTO expenseshares (expense_id, user_id, share, paid, paid_by) VALUES (81, 12, 254.36, False, None);
INSERT INTO expenseshares (expense_id, user_id, share, paid, paid_by) VALUES (82, 4, 66.87, True, 4);
INSERT INTO expenseshares (expense_id, user_id, share, paid, paid_by) VALUES (82, 12, 56.94, False, None);
INSERT INTO expenseshares (expense_id, user_id, share, paid, paid_by) VALUES (82, 3, 161.11, False, None);
INSERT INTO expenseshares (expense_id, user_id, share, paid, paid_by) VALUES (83, 5, 107.54, False, None);
INSERT INTO expenseshares (expense_id, user_id, share, paid, paid_by) VALUES (83, 8, 200.75, True, 8);
INSERT INTO expenseshares (expense_id, user_id, share, paid, paid_by) VALUES (84, 12, 35.11, True, 12);
INSERT INTO expenseshares (expense_id, user_id, share, paid, paid_by) VALUES (84, 3, 349.53, False, None);
INSERT INTO expenseshares (expense_id, user_id, share, paid, paid_by) VALUES (85, 5, 36.72, True, 5);
INSERT INTO expenseshares (expense_id, user_id, share, paid, paid_by) VALUES (85, 8, 55.07, False, None);
INSERT INTO expenseshares (expense_id, user_id, share, paid, paid_by) VALUES (86, 12, 89.33, True, 12);
INSERT INTO expenseshares (expense_id, user_id, share, paid, paid_by) VALUES (86, 5, 64.47, False, None);
INSERT INTO expenseshares (expense_id, user_id, share, paid, paid_by) VALUES (86, 4, 209.19, False, None);
INSERT INTO expenseshares (expense_id, user_id, share, paid, paid_by) VALUES (87, 12, 76.52, False, None);
INSERT INTO expenseshares (expense_id, user_id, share, paid, paid_by) VALUES (87, 8, 248.38, True, 8);
INSERT INTO expenseshares (expense_id, user_id, share, paid, paid_by) VALUES (88, 5, 35.61, False, None);
INSERT INTO expenseshares (expense_id, user_id, share, paid, paid_by) VALUES (88, 8, 33.17, False, None);
INSERT INTO expenseshares (expense_id, user_id, share, paid, paid_by) VALUES (88, 12, 49.18, True, 12);
INSERT INTO expenseshares (expense_id, user_id, share, paid, paid_by) VALUES (89, 13, 71.65, False, None);
INSERT INTO expenseshares (expense_id, user_id, share, paid, paid_by) VALUES (89, 12, 210.01, True, 12);
INSERT INTO expenseshares (expense_id, user_id, share, paid, paid_by) VALUES (90, 5, 64.90, True, 5);
INSERT INTO expenseshares (expense_id, user_id, share, paid, paid_by) VALUES (90, 12, 229.32, False, None);
INSERT INTO expenseshares (expense_id, user_id, share, paid, paid_by) VALUES (91, 12, 32.51, True, 12);
INSERT INTO expenseshares (expense_id, user_id, share, paid, paid_by) VALUES (91, 5, 7.56, False, None);
INSERT INTO expenseshares (expense_id, user_id, share, paid, paid_by) VALUES (91, 13, 120.18, False, None);
INSERT INTO expenseshares (expense_id, user_id, share, paid, paid_by) VALUES (92, 13, 71.61, False, None);
INSERT INTO expenseshares (expense_id, user_id, share, paid, paid_by) VALUES (92, 12, 197.84, True, 12);
INSERT INTO friendrequest (sender_id, recipient_id, token, created_at, status) VALUES (1, 7, '192634a8-8515-40bf-bff3-ab237965fe5f', '2025-01-05 02:42:10', 'accepted');
INSERT INTO friendrequest (sender_id, recipient_id, token, created_at, status) VALUES (1, 2, '106356b7-5416-4c97-b61b-92bac3c5d148', '2025-01-08 05:09:00', 'accepted');
INSERT INTO friendrequest (sender_id, recipient_id, token, created_at, status) VALUES (1, 3, 'd0773bd4-812d-4e69-a8e9-4186e88609c8', '2025-01-01 08:53:48', 'accepted');
INSERT INTO friendrequest (sender_id, recipient_id, token, created_at, status) VALUES (1, 10, 'c2c79eae-7436-4612-b39e-f7e80501ff04', '2025-01-05 21:33:10', 'accepted');
INSERT INTO friendrequest (sender_id, recipient_id, token, created_at, status) VALUES (2, 7, 'a920cbcb-6740-4469-a6fc-b53ec44352af', '2025-01-09 10:47:34', 'accepted');
INSERT INTO friendrequest (sender_id, recipient_id, token, created_at, status) VALUES (2, 5, 'ff0d2155-f2eb-4e41-92b1-7b56df24e4c4', '2025-01-04 00:41:20', 'accepted');
INSERT INTO friendrequest (sender_id, recipient_id, token, created_at, status) VALUES (2, 10, '26c03500-42a9-4c03-b8e0-4ef5113a002a', '2025-01-03 08:44:38', 'accepted');
INSERT INTO friendrequest (sender_id, recipient_id, token, created_at, status) VALUES (2, 12, 'fee969e3-976c-4551-982c-f2fdb1a433fd', '2025-01-03 11:14:14', 'accepted');
INSERT INTO friendrequest (sender_id, recipient_id, token, created_at, status) VALUES (2, 4, '344e4f54-8de2-4767-8ea4-29fc13812deb', '2025-01-06 11:48:55', 'accepted');
INSERT INTO friendrequest (sender_id, recipient_id, token, created_at, status) VALUES (3, 12, 'ceb2e366-42e0-4e9a-8f59-fd00e5e1adb9', '2025-01-07 17:23:40', 'accepted');
INSERT INTO friendrequest (sender_id, recipient_id, token, created_at, status) VALUES (3, 14, '0001fe6b-d89c-44a4-9e69-fb7b614b40b8', '2025-01-08 08:02:21', 'accepted');
INSERT INTO friendrequest (sender_id, recipient_id, token, created_at, status) VALUES (3, 15, 'd8bc4512-bc79-4fa7-8457-80d302f9d90c', '2025-01-07 18:45:34', 'accepted');
INSERT INTO friendrequest (sender_id, recipient_id, token, created_at, status) VALUES (3, 7, 'fb40adb1-bb03-4682-8ef4-a08481e01ac0', '2025-01-08 22:50:26', 'accepted');
INSERT INTO friendrequest (sender_id, recipient_id, token, created_at, status) VALUES (3, 1, '837f8bfa-0504-496e-8253-e6e835858cfa', '2025-01-07 23:22:41', 'accepted');
INSERT INTO friendrequest (sender_id, recipient_id, token, created_at, status) VALUES (4, 5, '83349984-f133-40e0-accc-8f47513b1271', '2025-01-08 23:57:09', 'accepted');
INSERT INTO friendrequest (sender_id, recipient_id, token, created_at, status) VALUES (4, 14, '29a8e9c4-d191-449a-833c-7200291ad9bb', '2025-01-04 10:57:47', 'accepted');
INSERT INTO friendrequest (sender_id, recipient_id, token, created_at, status) VALUES (4, 15, 'ac43e4f1-9a06-40f2-86be-22cd10a7c706', '2025-01-03 04:05:09', 'accepted');
INSERT INTO friendrequest (sender_id, recipient_id, token, created_at, status) VALUES (4, 10, '65bc4bf5-4146-4443-a4f5-b0851a631575', '2025-01-05 07:10:07', 'accepted');
INSERT INTO friendrequest (sender_id, recipient_id, token, created_at, status) VALUES (4, 7, 'f71f2ce7-58dd-4eeb-8175-46fe514ad766', '2025-01-04 13:24:47', 'accepted');
INSERT INTO friendrequest (sender_id, recipient_id, token, created_at, status) VALUES (5, 14, 'e2b47e07-b74f-4971-9ca5-8cd9f09e1f66', '2025-01-01 13:07:44', 'accepted');
INSERT INTO friendrequest (sender_id, recipient_id, token, created_at, status) VALUES (5, 10, '070f3af4-2e48-420b-a96f-4c9dfd4fe256', '2025-01-04 00:25:42', 'accepted');
INSERT INTO friendrequest (sender_id, recipient_id, token, created_at, status) VALUES (5, 9, '012b35b6-0183-4be7-8a20-cb398eeafaf4', '2025-01-03 15:52:38', 'accepted');
INSERT INTO friendrequest (sender_id, recipient_id, token, created_at, status) VALUES (5, 2, '5c4c7894-de18-438c-8b8d-09eb5ba37e7f', '2025-01-04 20:42:19', 'accepted');
INSERT INTO friendrequest (sender_id, recipient_id, token, created_at, status) VALUES (6, 3, 'cae083aa-e83c-4251-b3cc-8ea1442cca34', '2025-01-01 12:31:48', 'accepted');
INSERT INTO friendrequest (sender_id, recipient_id, token, created_at, status) VALUES (6, 13, 'ebe8bc70-e779-4eca-a909-bd69393e482e', '2025-01-05 15:12:04', 'accepted');
INSERT INTO friendrequest (sender_id, recipient_id, token, created_at, status) VALUES (6, 14, '8bdab3d9-e19f-426f-8bb0-a8644adfee0f', '2025-01-02 20:01:44', 'accepted');
INSERT INTO friendrequest (sender_id, recipient_id, token, created_at, status) VALUES (6, 8, '1292afa4-2805-4363-a23d-f03db4b9a8e6', '2025-01-03 14:55:10', 'accepted');
INSERT INTO friendrequest (sender_id, recipient_id, token, created_at, status) VALUES (7, 4, '174a91c7-13f4-4412-9684-eec4a828c2d2', '2025-01-02 07:40:34', 'accepted');
INSERT INTO friendrequest (sender_id, recipient_id, token, created_at, status) VALUES (7, 1, 'b3f83bab-17b3-4b16-92e6-75f085241396', '2025-01-04 11:00:08', 'accepted');
INSERT INTO friendrequest (sender_id, recipient_id, token, created_at, status) VALUES (7, 11, '42f143ca-99a5-4fdd-a7be-ebba2af418e4', '2025-01-05 17:40:37', 'accepted');
INSERT INTO friendrequest (sender_id, recipient_id, token, created_at, status) VALUES (7, 6, '064ed33c-37d6-46bd-b34f-9e0b0d47a586', '2025-01-05 22:56:42', 'accepted');
INSERT INTO friendrequest (sender_id, recipient_id, token, created_at, status) VALUES (7, 5, '24a27d74-f002-4fd8-acde-36266f534d1d', '2025-01-04 18:55:56', 'accepted');
INSERT INTO friendrequest (sender_id, recipient_id, token, created_at, status) VALUES (8, 6, '1fd3a136-4777-46d9-ae88-a7460941836a', '2025-01-04 06:27:27', 'accepted');
INSERT INTO friendrequest (sender_id, recipient_id, token, created_at, status) VALUES (8, 7, '767a9815-e95c-4beb-a07a-602c561fef58', '2025-01-06 00:36:02', 'accepted');
INSERT INTO friendrequest (sender_id, recipient_id, token, created_at, status) VALUES (8, 9, 'e2fdb77b-58bb-4862-9020-ba2efe2c870a', '2025-01-02 14:13:47', 'accepted');
INSERT INTO friendrequest (sender_id, recipient_id, token, created_at, status) VALUES (8, 1, 'a21de944-d927-4cc5-aab9-f6ff0346f6ed', '2025-01-06 09:41:43', 'accepted');
INSERT INTO friendrequest (sender_id, recipient_id, token, created_at, status) VALUES (8, 12, 'f8f4f324-cd0f-4bd0-8760-c724bc951855', '2025-01-02 09:38:15', 'accepted');
INSERT INTO friendrequest (sender_id, recipient_id, token, created_at, status) VALUES (9, 11, '6c9ba4ec-589f-4a7a-a370-648b694a7daf', '2025-01-05 21:38:46', 'accepted');
INSERT INTO friendrequest (sender_id, recipient_id, token, created_at, status) VALUES (9, 15, '5a5ab094-c048-4123-b8a8-789bd095d765', '2025-01-05 15:29:17', 'accepted');
INSERT INTO friendrequest (sender_id, recipient_id, token, created_at, status) VALUES (9, 3, 'fcb413bf-49e8-4a51-adb0-f0afe262068e', '2025-01-04 02:32:44', 'accepted');
INSERT INTO friendrequest (sender_id, recipient_id, token, created_at, status) VALUES (9, 4, '71674519-88db-4edd-a481-4afc8860c9e6', '2025-01-08 03:37:21', 'accepted');
INSERT INTO friendrequest (sender_id, recipient_id, token, created_at, status) VALUES (9, 2, '6a07c68c-7d44-46b2-812f-f08ebab78d8e', '2025-01-03 08:18:34', 'accepted');
INSERT INTO friendrequest (sender_id, recipient_id, token, created_at, status) VALUES (10, 15, 'b1eef9c7-170f-4814-9c66-2c5b27be8ff5', '2025-01-05 10:32:32', 'accepted');
INSERT INTO friendrequest (sender_id, recipient_id, token, created_at, status) VALUES (10, 5, '9c6f7ec9-95cc-4ed2-9aa4-e94db0474790', '2025-01-05 23:29:51', 'accepted');
INSERT INTO friendrequest (sender_id, recipient_id, token, created_at, status) VALUES (10, 12, '9b3d917e-0330-4a79-83e2-8ab3b3fe27f5', '2025-01-09 03:01:30', 'accepted');
INSERT INTO friendrequest (sender_id, recipient_id, token, created_at, status) VALUES (10, 6, 'f0aa2ccb-87ba-4c83-a944-9f5fd0bbe423', '2025-01-03 01:17:27', 'accepted');
INSERT INTO friendrequest (sender_id, recipient_id, token, created_at, status) VALUES (11, 13, 'b8c95e65-4ed5-4c59-b898-843d0f91e36b', '2025-01-04 10:33:30', 'accepted');
INSERT INTO friendrequest (sender_id, recipient_id, token, created_at, status) VALUES (11, 15, 'bb2b0aab-fef6-43fe-9510-2f2a8f0a84ad', '2025-01-08 15:16:33', 'accepted');
INSERT INTO friendrequest (sender_id, recipient_id, token, created_at, status) VALUES (11, 14, '4ddc786b-1e0b-4c9d-a6bc-d887c6c21a2b', '2025-01-02 16:30:35', 'accepted');
INSERT INTO friendrequest (sender_id, recipient_id, token, created_at, status) VALUES (11, 7, '5da65c22-6eb1-439d-9aa0-03e53abab745', '2025-01-07 01:43:10', 'accepted');
INSERT INTO friendrequest (sender_id, recipient_id, token, created_at, status) VALUES (11, 8, '522f2f5d-0383-4edb-b7e9-71b486657164', '2025-01-05 06:00:20', 'accepted');
INSERT INTO friendrequest (sender_id, recipient_id, token, created_at, status) VALUES (12, 8, '2dc80d87-f460-4f9b-a852-457a2ea46ce0', '2025-01-06 15:12:43', 'accepted');
INSERT INTO friendrequest (sender_id, recipient_id, token, created_at, status) VALUES (12, 1, 'bed9840a-70b0-4305-a67c-4901d9a10f37', '2025-01-08 17:43:45', 'accepted');
INSERT INTO friendrequest (sender_id, recipient_id, token, created_at, status) VALUES (12, 5, '07a05cbd-3261-4ebf-8b97-5bfdb83584b2', '2025-01-02 16:55:03', 'accepted');
INSERT INTO friendrequest (sender_id, recipient_id, token, created_at, status) VALUES (12, 3, 'ec043b8a-ae94-456f-8ece-f855603b0b46', '2025-01-08 00:28:28', 'accepted');
INSERT INTO friendrequest (sender_id, recipient_id, token, created_at, status) VALUES (13, 15, '58a822a2-75b4-46b0-97e6-bccc2e6eacd3', '2025-01-03 19:14:06', 'accepted');
INSERT INTO friendrequest (sender_id, recipient_id, token, created_at, status) VALUES (13, 12, '55e9b3c0-0e55-4c9a-9d04-1511bb246718', '2025-01-05 21:15:08', 'accepted');
INSERT INTO friendrequest (sender_id, recipient_id, token, created_at, status) VALUES (13, 10, 'fd95e20e-dc95-415d-888a-8b94fc365fd6', '2025-01-06 09:57:56', 'accepted');
INSERT INTO friendrequest (sender_id, recipient_id, token, created_at, status) VALUES (13, 6, 'a4aa5cf7-ec15-4727-aa94-57f94dca13bf', '2025-01-05 18:52:59', 'accepted');
INSERT INTO friendrequest (sender_id, recipient_id, token, created_at, status) VALUES (13, 7, '77747380-cc25-44a5-9650-98d5818a884a', '2025-01-01 01:05:56', 'accepted');
INSERT INTO friendrequest (sender_id, recipient_id, token, created_at, status) VALUES (14, 1, '6211f264-f50a-4123-8420-04dd3ce17d18', '2025-01-01 12:49:37', 'accepted');
INSERT INTO friendrequest (sender_id, recipient_id, token, created_at, status) VALUES (14, 15, 'c2d4b75d-90b2-496a-bfdd-de3c46d6578a', '2025-01-03 21:17:03', 'accepted');
INSERT INTO friendrequest (sender_id, recipient_id, token, created_at, status) VALUES (14, 3, 'a8ef9a89-a129-4309-9fcc-711d71da3d80', '2025-01-05 17:08:37', 'accepted');
INSERT INTO friendrequest (sender_id, recipient_id, token, created_at, status) VALUES (14, 7, '21217d06-3455-4c51-b8d2-5771e483f45f', '2025-01-01 21:37:57', 'accepted');
INSERT INTO friendrequest (sender_id, recipient_id, token, created_at, status) VALUES (14, 9, '5d9f76c5-6eb6-4827-b868-1c753080df8d', '2025-01-06 16:26:16', 'accepted');
INSERT INTO friendrequest (sender_id, recipient_id, token, created_at, status) VALUES (15, 8, 'a4102579-6a74-4307-a7b1-08c2e14f7e73', '2025-01-01 19:19:48', 'accepted');
INSERT INTO friendrequest (sender_id, recipient_id, token, created_at, status) VALUES (15, 7, '9f9b18cf-f73f-439e-b1ad-93e1ef95de77', '2025-01-02 23:25:14', 'accepted');
INSERT INTO friendrequest (sender_id, recipient_id, token, created_at, status) VALUES (15, 5, '639f4e54-0a9a-4abe-9120-b345e7b686ea', '2025-01-06 09:06:16', 'accepted');
INSERT INTO friendrequest (sender_id, recipient_id, token, created_at, status) VALUES (15, 1, '49e03911-6cc5-447b-892c-ef8baf15864c', '2025-01-09 04:08:32', 'accepted');
INSERT INTO settlement (id, group_id, payer_id, receiver_id, amount, date, currency) VALUES (17, 5, 12, 5, 200.00, '2025-01-09 11:03:02.416144', 'PLN');
INSERT INTO settlement (id, group_id, payer_id, receiver_id, amount, date, currency) VALUES (18, 1, 2, 1, 100.00, '2025-01-09 11:04:47.901114', 'PLN');
INSERT INTO settlement (id, group_id, payer_id, receiver_id, amount, date, currency) VALUES (19, 1, 11, 1, 40.00, '2025-01-09 11:05:10.332926', 'PLN');
INSERT INTO settlement (id, group_id, payer_id, receiver_id, amount, date, currency) VALUES (20, 1, 4, 1, 90.00, '2025-01-09 11:05:20.713965', 'PLN');
INSERT INTO settlement (id, group_id, payer_id, receiver_id, amount, date, currency) VALUES (21, 1, 1, 11, 20.00, '2025-01-09 11:06:15.460361', 'EUR');
INSERT INTO settlement (id, group_id, payer_id, receiver_id, amount, date, currency) VALUES (22, 1, 4, 11, 100.00, '2025-01-09 11:06:24.773959', 'EUR');
INSERT INTO settlement (id, group_id, payer_id, receiver_id, amount, date, currency) VALUES (23, 2, 4, 11, 85.00, '2025-01-09 11:06:51.043619', 'USD');
INSERT INTO settlement (id, group_id, payer_id, receiver_id, amount, date, currency) VALUES (24, 2, 1, 11, 150.00, '2025-01-09 11:07:01.431108', 'USD');
INSERT INTO settlement (id, group_id, payer_id, receiver_id, amount, date, currency) VALUES (25, 2, 4, 3, 14.00, '2025-01-09 11:08:13.660225', 'PLN');
INSERT INTO settlement (id, group_id, payer_id, receiver_id, amount, date, currency) VALUES (26, 2, 6, 3, 15.00, '2025-01-09 11:08:23.118151', 'PLN');
INSERT INTO settlement (id, group_id, payer_id, receiver_id, amount, date, currency) VALUES (27, 2, 1, 3, 4.00, '2025-01-09 11:08:36.354667', 'PLN');
INSERT INTO settlement (id, group_id, payer_id, receiver_id, amount, date, currency) VALUES (28, 3, 11, 2, 28.57, '2025-01-09 11:09:57.176953', 'PLN');
INSERT INTO settlement (id, group_id, payer_id, receiver_id, amount, date, currency) VALUES (29, 3, 9, 2, 300.00, '2025-01-09 11:10:04.511954', 'PLN');
INSERT INTO settlement (id, group_id, payer_id, receiver_id, amount, date, currency) VALUES (30, 3, 11, 13, 200.00, '2025-01-09 11:10:34.897552', 'PLN');
INSERT INTO settlement (id, group_id, payer_id, receiver_id, amount, date, currency) VALUES (31, 3, 1, 13, 60.08, '2025-01-09 11:10:41.705608', 'PLN');
INSERT INTO settlement (id, group_id, payer_id, receiver_id, amount, date, currency) VALUES (32, 3, 4, 13, 9.33, '2025-01-09 11:10:51.3887', 'USD');
INSERT INTO settlement (id, group_id, payer_id, receiver_id, amount, date, currency) VALUES (33, 4, 4, 8, 2.84, '2025-01-09 11:11:41.218203', 'PLN');
INSERT INTO settlement (id, group_id, payer_id, receiver_id, amount, date, currency) VALUES (34, 4, 5, 8, 107.54, '2025-01-09 11:11:50.321833', 'PLN');
INSERT INTO settlement (id, group_id, payer_id, receiver_id, amount, date, currency) VALUES (35, 4, 12, 8, 250.00, '2025-01-09 11:11:58.580135', 'PLN');
INSERT INTO settlement (id, group_id, payer_id, receiver_id, amount, date, currency) VALUES (36, 4, 5, 12, 108.08, '2025-01-09 11:12:34.40844', 'PLN');
INSERT INTO settlement (id, group_id, payer_id, receiver_id, amount, date, currency) VALUES (37, 4, 3, 12, 300.00, '2025-01-09 11:12:44.114393', 'EUR');
INSERT INTO settlement (id, group_id, payer_id, receiver_id, amount, date, currency) VALUES (38, 4, 4, 12, 209.19, '2025-01-09 11:12:52.78941', 'PLN');
INSERT INTO settlement (id, group_id, payer_id, receiver_id, amount, date, currency) VALUES (40, 5, 13, 12, 250.00, '2025-01-09 11:13:40.139208', 'PLN');
